Date;pred_0;pred_1;pred_2;pred_3;pred_4;pred_5;pred_6;pred_7;pred_8;pred_9;pred_10;pred_11;pred_12;pred_13;pred_14;pred_15;pred_16;pred_17;pred_18;pred_19;pred_20;pred_21;pred_22;pred_23;pred_24;pred_25;pred_26;pred_27;pred_28;pred_29;pred_30;pred_31;pred_32;pred_33;pred_34;pred_35;pred_36;pred_37;pred_38;pred_39
30/09/2012;27648,851438988368;20654,3622;21089,758256;21802,847500000003;21806,456300000005;20646,278504999995;22399,38070000001;21498,49351;21812,782750000002;23964,505164539005;24995,4657;27156,685999999994;18524,615196;20175,693900000002;19857,072184000004;22987,816550000018;24307,68348;24899,507493041543;23611,64;24884,838223679457;16224,514;18963,02411;21280,612866666663;19131,535059999995;19925,469668000005;20694,88545500001;20392,6229175255;20074,616609999997;19471,11659000002;19923,535000000003;137,46327000000383;21402,100000000006;20402,526670699997;-168,2021599999971;19671,74650000001;20197,686670499985;19936,195350000024;20639,530800000008;20488,873306499998;20329,42132000001
31/10/2012;26883,1793718639;20250,4674;21126,621445999997;21742,771666666682;21742,617533333352;21318,12896333332;22061,480500000005;21736,92327;22068,5932;23964,519813899606;24271,089549999975;27154,952900696182;18386,665826;20223,252541237114;19685,369304000007;22046,333419999995;24020,16197999999;24308,939461134112;23631,199999999997;24291,221420829796;15819,103206764026;20507,745859999995;21321,724749999965;19639,543989999976;19918,875738000002;20462,96099666666;20569,55839707071;20103,945082399994;20257,801766666642;19783,48000000004;81,41732000000047;21064,575238095247;20526,16287565566;-945,3351699999985;19666,563944627123;20216,679999999993;19840,03840000002;20774,941462100003;20526,106732500004;20463,75464900001
30/11/2012;26540,785948844306;20862,256400000002;20975,704496;21659,262499999997;21478,820366666652;21975,141276666676;22961,956600000005;22339,87947;22650,7825;23815,896597355386;25187,153749999998;26551,71692211766;17720,287316;20270,838365546217;19260,02603066669;23297,23668;23732,640480000002;25208,19180636492;23725,219999999987;25195,138251326076;15876,480229529338;21475,41675333334;20952,25808333332;19764,30873999998;19390,336588000006;20555,39116333335;20746,704033364542;20133,2735676;20319,40028333332;19643,42499999996;882,350989999999;20722,540000000008;20511,828761449462;1364,2210000000014;19389,186471419467;20203,263329499998;19744,39174999995;20819,220537900008;20203,822476;20473,614771000008
31/12/2012;26124,152291497405;21347,7581;21749,8995455;21306,450833333336;21219,69510000001;22377,785390000005;22979,54830000001;23079,047219999997;23144,1109;23815,89980500001;24890,679300000018;25945,218082922816;19144,444403;21019,584120584652;19775,29082033332;23059,897110000005;23445,118979999992;24859,219805962057;23827,890000000014;24844,35973817788;16019,110114420528;21769,027246666665;20582,791416666674;19580,682753499976;19534,13136150001;20616,495329999976;20923,57850463412;20320,576490000007;20456,739049999975;19180,206999999995;3561,377204999997;20384,222380952386;20496,39770716046;3135,275600000001;19388,532203499723;20189,84667049999;19320,72007500002;20897,10680000001;20174,046743999992;20517,812319999997
31/01/2013;25728,041498317543;21805,251500000002;22166,936915000002;21225,690833333312;21161,502966666652;22701,74283666667;23280,370599999995;23687,78412;23689,227400000003;23815,966418562093;24956,647799999977;25339,720162375997;20538,106789999998;21509,837156967842;20075,11361;22554,081969999985;23597,665919999992;24939,75180555522;23932,289999999994;24925,306571783323;17040,254147395168;22062,63773999999;19879,22829;19272,848913499998;19512,135895000014;21114,79276666665;21508,787215915538;20391,255112400002;20912,264206666616;19069,752999999968;5981,934220000003;20438,786746987957;20487,835312117488;7025,550760000002;19386,84672035926;20276,26999999999;19229,890399999975;20811,560662100004;21419,476649999997;20150,686889000004
28/02/2013;25950,741013240302;22190,914999999997;22535,526964999997;21150,247500000027;21264,360433333364;22902,755653333326;23122,997799999997;22550,984770000003;23124,761500000004;23848,27846481203;24747,250099999976;25036,48372751663;20709,78515;22045,93476274165;20007,44188333332;22483,095449999993;23750,21286;24724,96644344236;23943,910000000003;24709,457649397606;17275,62195409836;22299,31770666667;19937,02828999996;19405,459979999985;19435,84349500001;21801,04620333336;22094,496787639946;20079,7374976;21628,335823333357;18959,299000000028;8497,889610000002;20491,817619047622;20253,519041769046;9940,828560000002;19448,127791563224;20008,999999999985;19144,688200000033;20802,873337900004;19517,81891999999;20573,322591000004
31/03/2013;26297,173231141674;22570,7712;22366,6168025;20875,80166666668;20830,506600000022;23014,7396;23568,849650000004;23526,227410000003;23443,660750000003;23848,056211232877;24984,1477;24735,341550362784;20681,530205;21989,92142307692;20025,745611666687;23263,703565000018;23902,759799999993;25154,47033679302;23960,719999999987;25141,16607187502;18049,48669051754;22300,076533333333;19994,828290000005;19386,745267499995;19281,59263250002;22501,657390000008;22679,988010663918;20214,62509;22203,025640000007;18610,042000000016;10377,854615;20547,09482352942;20021,707394229787;13706,789615000002;19448,573149364413;19791,649999999994;18820,909799999994;20736,065000000017;19724,851769999994;20410,075710000005
30/04/2013;25089,35342226269;22935,9087;22679,003249999998;20923,23000000004;21046,28546666671;22885,647006666666;23327,094299999997;23807,90842;23762,56;23848,103900000002;24432,895350000006;24432,612271332655;20956,42271;22378,591799327354;19884,847340000008;23496,545979999995;23891,142179999995;24456,526229501935;23967,149999999994;24439,61901706262;18452,421280276816;21379,619479999994;20218,49966333332;19453,29388749998;19237,554600000003;22393,922913333372;22979,719568395114;20088,89275;22207,15890333336;18727,895000000048;12781,305220000002;20489,43505617979;19798,200499342973;15391,793710000002;19450,441254594334;19474,459999999992;18924,342800000042;20426,309999999998;19513,827510000003;20164,375710000008
31/05/2013;25695,64305256743;23485,5832;23363,8567;21029,741666666683;21077,54273333335;23188,980353333318;23817,042499999996;24293,23722;24231,1732;24521,386318502206;24829,40075;24281,730233534625;23656,70236;22772,72455378973;21201,76177333336;22763,41047999999;23879,52455999999;24845,833790273668;24101,460000000006;24830,866423529427;18924,112795677134;21739,49777333335;20158,149663333345;19142,07514999999;20940,114850000013;22902,26643666663;23278,749055450986;19963,160409999997;22562,726926666655;18845,747999999992;13447,362540000002;20434,754222222226;20014,953046638402;15431,986674;20735,273373799108;19679,15999999999;19067,749299999996;20097,581600000005;20492,025041999994;19950,867060000004
30/06/2013;26165,826822827377;23352,911200000002;23794,826354999997;21442,280833333352;21503,877100000012;23346,051985;24507,98659999999;23699,719356;24225,11635;24521,345714814815;25909,26099999997;24128,244309833222;23584,08567;23309,58719846678;21175,99569666668;22990,939874999996;23867,906939999993;25879,32769451698;24228,84999999999;25869,709912230843;18575,761398981325;21711,791336666654;20097,79966333331;19494,74350999997;20882,18246500002;23355,136835000012;23578,468070260395;19430,97509800001;22974,84766999999;19330,834000000003;16567,417115;20377,268260869576;20229,61112727273;15456,113432;20730,356262737245;19734,100000000006;19567,6158;19821,893599999996;20407,989413999996;19539,91812999999
31/07/2013;26634,929614233486;23473,304200000002;23684,5098;21561,604166666657;21400,40936666666;23410,870283333323;24445,83710000002;23959,532627;24219,059500000003;24521,454369387764;25618,346049999993;23976,90656520788;23348,57483;23438,62924926686;21395,051620000013;23194,912960000016;23832,937319999983;25677,99759930148;24357,969999999987;25667,333480066416;19705,052552494413;21684,0849;20170,784329999966;20890,405629999965;20591,578550000006;23338,360276666615;23399,696448541363;19552,717418999993;23132,557316666644;19425,763999999966;18919,54849;20405,76197802197;20448,456316639742;19818,41463;20731,6531775856;19888,880000000005;19647,443299999955;20048,99560000001;20647,882313999988;19771,31813
31/08/2013;25460,29380272347;23568,4092;23755,059;21624,11083333334;21762,176833333346;23507,48460666668;24694,047350000008;24485,782627;24727,184500000003;24449,809327860698;25686,709050000005;24279,79232547713;23608,14566;23565,92072477064;21569,446973333324;22566,262525;23797,9677;25745,094767845963;24387,559999999983;25734,789786624955;18955,03769365002;22143,934013333354;20203,36766333331;20834,954629999964;20400,319150000025;22806,923643333343;23220,406996091973;19674,45973999999;22606,584973333345;19520,69399999999;21242,43143;20436,31363636366;20573,925081835492;21674,59794;20594,68843467071;20215,44332949999;19710,95254;20235,570600000006;20573,620116000006;20097,146089999995
30/09/2013;25030,940683988258;24162,0412;24084,363779999996;21873,494999999995;21630,796199999997;23440,879335000005;25040,487200000003;25105,685535;25235,309500000003;24449,7152539823;26012,113400000002;24583,229986314363;23644,0004;24007,80574405306;21553,598766666662;23202,10592;23762,998079999998;25973,268731636635;24415,42;25964,140179443784;19644,982567191844;22171,261036666656;20235,950996666652;20844,935809999966;20321,19199000002;22495,03005999999;23041,616166089807;19861,022545000014;22171,50092999998;19839,877000000008;22287,799769999998;20466,179999999993;20714,159236429827;22584,32748;20594,47325169205;20442,166670499995;20003,659019999992;20422,145600000003;20698,132253999996;20328,546090000003
31/10/2013;24602,318572561635;24573,5887;24437,686949999996;21886,995833333334;21977,689566666653;23567,16739666667;25192,4075;26577,501535;26656,4335;24449,690917316024;25547,244999999995;24885,984097624496;23679,85514;24448,796488331773;21687,252559999994;23285,186570000005;23743,791059999996;25516,920695549576;24446,73999999999;25505,435956034227;20709,779662075296;22198,588060000002;20412,963429999974;20696,223809999967;20273,150500000018;21353,52032666665;22016,26347136544;19960,9720124;21373,84302666664;19915,878999999957;23553,67411;20655,119999999995;20845,35673467326;23277,33363;20596,591318204388;20618,969999999987;20063,145499999955;20454,40026210001;20399,32869000001;20422,619349
30/11/2013;24435,279261214775;25340,2896;25315,78614;21942,030000000013;22108,784533333353;23786,723798333318;25547,165200000003;26982,245509999997;26823,301750000002;25131,59358;26313,920400000003;25036,66851955664;24675,45476;25364,27764336493;21972,74287333332;23908,069730000003;23724,58404;26107,513563446555;24693,559999999998;26099,04950259367;21409,756694605436;22338,637896666667;20617,2467633333;20610,27475999997;21641,45927000002;20308,07699333335;20990,79263000004;20221,4439176;20218,69114333333;19991,881000000023;24429,44536;20842,580000000016;21141,378003772596;23154,181485;21894,075395122374;20948,72332949999;20127,76900000003;20607,054137900006;21267,143196000005;20531,715251
31/12/2013;24268,23994966394;25353,3608;25381,275859999998;22166,291666666686;22258,97260000001;24006,280199999994;25345,28850000001;26871,603984999998;26990,170000000002;25131,690042809918;25758,993750000023;25188,318385086357;25286,80055;25352,7554560092;22280,184366666683;22498,487370000003;23705,377019999993;25785,385389512143;24943,839999999997;25775,26286650187;22013,788526829263;22478,687733333325;20821,530096666684;20593,639459999977;21739,42623000004;19266,549410000007;19965,126239948877;20285,721735;19456,378689999983;20270,955999999976;24811,144;21031,555238095258;21432,343586077623;23133,90659;21893,872293580644;21078,796670499985;20395,46549999999;20759,708;21409,273673999996;20675,148579999994
31/01/2014;24760,049372221616;25328,717999999997;25149,810939999996;22282,71666666666;22320,010666666654;23766,87603;24880,74059999999;26071,367185;26217,494800000004;25131,295865714288;25581,249949999998;25339,664011963505;23553,562680000003;25341,73034916201;21608,37572000001;23305,479659999997;23885,47931999999;25610,899216896913;25185,47;25599,87588328906;21079,392621932897;22489,542659999992;20500,22138333335;22215,088270000007;21453,061270000035;19936,32288999998;20509,6341908366;20520,239552400017;20106,282079999975;20367,42599999995;23835,78902;21050,880000000034;21732,836641136746;22998,61673;21891,78625586108;21408,54999999999;20499,533299999952;21192,04946210001;20997,67566600001;21042,988069
28/02/2014;24448,629205040877;24915,1886;24597,49498;22363,10833333335;22088,44073333335;23493,5561;25506,301600000006;27719,0997;27317,239900000004;25096,55624078431;25343,006400000013;25340,212950008026;24268,303659999998;24579,24972;22138,541873333335;23304,10583;24065,581620000004;25543,72659882609;24968,37999999999;25532,411494855856;22171,305409836063;22276,09019999999;20523,738049999956;21972,212889999995;21545,62984000001;20337,867495000013;21053,4762196948;21106,887527600004;20599,655620000005;20463,896000000008;24228,16386;21073,199999999983;21613,249519805482;23477,57109;21827,077974388376;21350,369999999995;20591,46730000002;21341,222537900016;21532,206863999992;21440,872831
31/03/2014;24137,209204773193;26001,6063;25944,262445;22691,375;22827,481799999994;23220,236170000004;25747,209600000002;27466,90284;27417,808;25096,55588;26160,103100000008;25339,806159615888;25279,30889;25997,07168680641;22504,074176666676;24151,841480000003;24245,683919999996;26013,49657332193;24746,09999999999;26004,612352835247;22354,42451452282;22062,63773999999;20547,254716666677;21990,51172000001;21663,84958499999;20813,811349999974;21597,54917699317;21446,89151;20672,923239999975;20857,81599999999;24677,523955;21093,282588235306;21496,049199999994;23672,582000000002;21825,878726970695;21192,34999999999;20980,85130000001;21687,190000000017;21231,149699999994;21559,76587999999
30/04/2014;25245,705228289604;25911,0795;25945,35373;22732,769166666665;22688,8257;23382,343213333326;25511,573300000004;27885,641859999996;27716,9107;25096,63999428571;25145,411500000017;25339,812438668814;25947,42312;25901,00113073394;23067,906480000005;23835,99862;24315,5064;25194,754547742836;24530,73999999999;25181,64102637663;22519,54898271605;21983,997359999994;21006,366680000036;21918,014619999973;21776,417389999988;21128,864893333346;21556,13770651954;21430,52889;20969,29834333333;20912,50899999996;24840,03485;21341,00000000003;21388,944912298277;24000,2329;21826,739993894298;21234,009999999995;21048,90281999999;21485,53360000001;21077,595705;21497,656400000007
31/05/2014;25361,1850788883;26394,4942;26242,056246;22778,34666666668;22730,71680000001;23625,000186666686;25856,66445000001;28008,3653;27838,25095;25177,94206857143;25905,95670000001;25339,690268516228;24676,151456;26461,216571496665;22451,198923999997;24826,740045;24385,328879999986;25906,159010680713;24743,249999999985;25896,679778159247;23081,066016364697;22118,809439999997;21274,683346666658;22139,153207999974;21670,48843800003;21128,04793666667;21514,7549795355;21412,12788999999;20965,74205666664;20967,20199999999;25179,45942;21584,91975903616;21524,241156394288;24380,86866;21981,674902486935;21214,199999999997;21104,07209999999;21381,282600000006;21165,868485;21751,022150000004
30/06/2014;25781,8720189954;26345,552;25997,285067999997;22946,016666666677;22979,055600000007;23672,64154000001;26144,455;28080,286454999998;27959,5912;25177,599690505056;26502,754749999993;25340,051375574563;24073,416478;26272,740238151655;22181,32001200001;25392,48031;24455,151359999996;26523,57097361851;24964,410000000003;26517,280498423963;23601,87637608486;21736,841879999993;21543,00001333331;22038,95325099997;21570,07230400003;21212,07222999999;21473,236282756086;21356,526455;21040,95563000001;21168,405999999988;24657,535205;21832,644499999995;21660,110543794523;24103,48756;21983,395417547872;21344,149999999994;21307,714200000017;21277,031600000017;21517,070264999988;21628,822150000007
31/07/2014;26196,52222121218;26169,3305;25745,23559;23003,28416666668;23061,448300000004;23782,472139999998;25617,600999999995;27131,099855000004;27043,096300000005;25178,637825840706;26434,39174999998;25340,051989900865;23470,6815;26083,987192446042;22009,11510000001;25827,387520000004;24573,25409999999;26456,46093668678;25190,759999999995;26449,823892990447;23182,657775031956;21512,155079999997;21515,853589999984;22207,74137100001;21460,236270000023;21230,103606666642;21348,62208666664;21565,88502;21063,24180666663;21267,546000000002;24289,74739;21888,402278480993;21800,49475961538;24123,95116;21980,29417782955;21524,01999999999;21420,188850000006;21566,133600000016;21685,799318999998;21473,123460000003
31/08/2014;26458,41179674018;25066,6744;24798,6329;23094,201666666675;22961,65220000001;24263,256364999994;25876,045900000012;27612,902149999998;27491,9536;25720,507723333343;26287,756699999998;25188,41102186746;22950,9496;25050,25312381952;21984,2883;26480,050134999998;24691,35684;26496,73546945359;25408,22;26490,297273029777;24214,535862964618;22136,040363333326;21572,236923333345;22172,474535000016;22438,701950000017;21248,13498333335;21224,036087254935;21786,964269999997;21139,051093333343;21366,685999999987;24465,267395;21938,453493975918;21987,69169713919;24359,991055;23017,368297421024;21757,173329499987;21536,57579999999;21656,305600000007;21742,511131499996;21896,869070000015
30/09/2014;26720,30141766862;25531,047400000007;25210,078700000005;23482,669166666674;23644,628500000006;24744,040590000004;26077,190200000012;28049,792279999998;27940,8109;25720,313191546404;26479,9381;25037,040951108203;22899,770299999996;25547,844676895314;21959,46150000002;26165,230559999996;24809,459579999995;26443,047396595764;25627,40999999999;26436,332600656053;23773,69634209462;22759,92564666667;21628,620256666647;22172,474535000016;22401,022350000014;21159,13585999998;21099,01040982455;21988,678910000002;21095,69571999999;21822,886;24473,8206;21989,40870588235;22185,363604860482;24441,21415;23014,431302763376;21940,406670499986;22010,022749999975;21746,477600000013;22044,14131949999;22043,76907000001
31/10/2014;27022,975777140808;25750,6064;25731,426829999997;23603,502500000002;23430,242100000003;24807,172179999994;25311,5821;27101,61608;27025,291600000004;25720,765236774198;26042,414900000003;24885,283004493846;23597,62648;26045,076888575455;22528,771619999985;26083,533190000016;24781,61232;26013,543324093655;25848,329999999987;26004,610884371912;24423,51888123924;22591,789960000002;22380,64525666667;23209,77371000001;22505,583240000007;21189,63593666666;21030,67521635539;22249,700212400014;21206,39785666665;21904,363999999972;24582,122089999997;22447,78;22377,3722447342;24532,809144;23013,71704799295;22073,719999999987;22111,813979999977;22103,9582621;22248,093372000003;21961,180249000012
30/11/2014;27253,942686318314;25086,9269;24713,929895;23688,002500000002;23736,041299999997;25143,749584999998;25726,2898;27272,226816000002;27159,88375;25640,89877999999;26397,31390000001;24583,28607597635;22798,62367;24973,88362565293;22365,884229999996;27208,713600000003;24753,76505999999;26604,08371350277;25927,509999999995;26598,227066492167;25126,36433333333;23013,836536666655;22880,161923333333;23316,51688499999;22267,00378499998;21222,09388833336;20962,331283147243;22532,328355599995;21424,146213333355;21985,841999999975;23849,814300000002;22903,22551724137;22388,092353102344;24832,001082;22862,864890437457;22084,453329499986;22219,00021499998;22307,1741379;22204,209742499996;22232,696291000015
31/12/2014;27484,909594907087;25195,1987;24789,35567;23989,432499999995;24048,271299999993;25480,32699;25461,576100000006;27472,288151999997;27294,4759;25640,826519805807;26053,95505000002;24280,53208013645;22359,99121;25089,930085841144;22202,996839999993;27115,333950000015;24725,917799999996;26080,62571325773;26020,529999999984;26072,064204693568;25002,819925615993;23435,88311333335;23379,678589999996;23316,51688499999;22231,67915999997;21199,73133999997;20893,786988556705;22856,947113999995;21331,86447999999;22327,636;23524,79251;23364,557619047642;22396,512241439545;24124,48068;22863,08074208998;22195,026670499996;22586,50245;22510,390000000014;22215,409750499995;22439,829620000004
31/01/2015;27807,21181408703;25555,4022;25090,04483;24087,405000000028;24013,497533333357;25626,69350333333;26183,61600000001;29018,621152;28787,550400000004;25640,824241224473;26094,97285000002;23978,36953219893;23755,469599999997;25205,7479629981;23085,603100000008;27904,334390000004;24783,538859999993;26120,89171300904;26106,62999999999;26112,537263497536;24096,239860828773;23099,61174;22788,959709999996;22959,86335999996;22487,900439999998;21916,285406666633;21536,385764632752;22989,56587240001;22007,644706666644;22496,90400000001;23099,95604;22958,16870588236;22414,686933012912;24111,0003;22865,92624308358;22305,59999999999;22746,387790000008;22330,417862100003;22279,15172499999;22533,514368999997
28/02/2015;28295,540523145322;26438,146200000003;26425,683129999998;24220,160833333313;23987,133366666647;25836,652066666662;26741,939899999998;30474,54081;30280,624900000003;26159,31344258065;26108,16829999999;24127,993461759288;24473,0683;26689,630648604933;23289,368566666686;27419,180170000007;24841,15992;25892,774478619394;26298,189999999988;25883,187843057734;25650,94384201077;23335,153466666656;22346,10970999999;23094,054779999977;23489,993490000023;22697,057773333363;22177,936430199043;23059,60637760001;22793,500763333373;22666,171999999962;23913,251360000002;22550,300000000017;22792,08913292043;24467,03468;23849,56103932258;22622,14667049999;22907,857894999965;22150,44573790001;22624,741668999995;22545,647710999998
31/03/2015;28783,86923741886;28090,888000000003;27808,63038;24740,679166666683;25007,10130000001;26046,610629999996;27504,908800000005;32020,87381;31773,699400000005;26159,16934222223;26217,549100000004;24280,597510852815;25334,31764;28173,407257735504;23561,426593333323;27804,84637;24898,780979999996;26000,150192409666;26500,130000000005;25991,117895890435;25131,187685649198;23570,695193333348;21903,259709999984;23053,021039999963;23579,482540000026;23477,830140000005;22820,744877615944;23129,646869999997;23510,68565999999;23300,755000000005;23007,17742;22146,90611764707;23178,197592252196;24140,49428;23851,30189390952;23188,293329499997;23534,642999999982;21970,473600000012;23038,693140999996;22557,78104
30/04/2015;29018,21269499272;29422,4722;29199,583759999998;24873,572499999995;24677,05236666667;26249,42912333332;26713,480500000005;31332,20201;31108,746700000003;26159,280106301376;24836,616499999975;24431,467441443696;26257,131540000002;29656,948206349207;24172,96286;26022,78598;24939,99725999999;24644,52790899147;26684,76999999999;24628,49617362427;25381,429485604607;24019,689379999996;22372,22497999997;24128,94603999998;23679,33348;23796,393633333326;23068,891145098052;23595,6340376;24025,21061333333;23389,764999999985;22729,51802;22546,790454545437;23567,436588528682;23354,460124;23851,337079662917;23604,679999999993;23645,79574999999;22397,28093790001;23687,089649999994;22950,586811
31/05/2015;29253,303302609045;29540,298899999998;29343,296739999998;24964,349166666652;24924,011433333304;26452,24761666666;26901,34455000001;30245,912386;30331,152850000006;26291,70956941176;25348,8113;24129,288480985582;26701,01722;29732,130389409558;24565,09581333332;26368,705369999996;24981,213540000004;25530,33399585227;26785,439999999988;25518,93768723405;25692,218532786883;24065,385566666657;22812,808313333313;24149,18565499998;24027,77971999999;24133,230626666627;23318,049571666634;23867,15974039999;24178,202106666635;23478,774999999965;23826,477095000002;22953,26000000001;23647,129269419747;23194,464807;24102,687533127202;23730,88332949998;23756,94849999997;22931,244462100003;23810,4673245;23296,178589000003
30/06/2015;29488,393912118652;28840,6272;28696,973559999995;25340,780833333338;25312,71190000001;26655,06611;27089,208600000013;29273,743836999998;29553,559000000005;26291,70937333333;26230,836049999984;23826,535513186544;27106,247450000003;28982,493119999992;24957,228766666638;26017,149150000012;25022,429819999998;26416,1859837636;26882,649999999994;26409,36846965883;25063,274235427278;24111,081753333347;23253,391646666656;24149,18565499998;24050,387480000005;24454,404619999987;23566,656225326646;24023,211229000008;24529,12812000001;23910,571000000025;24981,15977;23358,308705882344;23727,891998446183;24499,694320000002;24102,78240453999;23707,3266705;24210,88725000003;23465,208000000013;23871,6623025;23710,445260000008
31/07/2015;28939,10913092397;28419,243399999996;28087,041879999997;25403,39;25214,063599999994;26865,177253333328;27991,56570000002;30758,947636999997;30987,609700000005;26291,61718285714;26394,90724999999;23524,429443280787;27208,78526;28231,260096463022;25433,983540000016;26902,76734000002;25120,157939999997;26577,24997169571;26978,12999999999;26571,25931593607;25641,824;24100,60624;23602,720419999998;24417,182429999986;24120,09474;24684,830416666664;23988,943790725258;23856,2760424;24738,44551666666;24030,802999999985;24592,83134;23768,579999999987;23810,15353328675;24820,782870000003;24104,424792212667;23833,529999999984;24317,69954999999;23333,85306210001;23493,89730299999;23775,217688999983
31/08/2015;27919,957497192834;29649,6928;29656,676844999995;25495,2825;25550,7849;27007,456876666678;27006,4599;28562,054219999998;28296,091900000003;26526,01470500001;27122,941099999996;23674,618206559353;28303,73301;29942,17164613778;25794,082389999996;26550,003920000003;25217,886059999997;26899,403441531933;27104,219999999987;26895,03328979964;23772,48996078431;24313,67928666665;24049,820420000004;24427,718119999976;24631,14108500001;24767,371388333355;24409,43484341883;24098,13797760001;24955,841873333353;24151,034999999974;26088,237155;24178,119999999995;24055,996751805447;25266,77337;24547,95200247169;24022,426670500005;24422,660594999965;23751,27133790002;24103,047108000013;23891,496291000018
30/09/2015;26900,80588846668;27303,7492;27455,42035;25844,42;25403,439199999993;27149,7365;26397,408500000005;26734,46527;26922,4471;26525,927037746485;26267,608799999987;23826,00299824761;27982,89526;27428,985203954133;26154,18123999999;26904,86738000001;25315,614179999997;26792,027323997114;27230,310000000012;26787,11362711864;23031,3528261563;24526,752333333352;24496,92042000001;24427,718119999976;24662,69775000002;24859,049109999993;24831,198118551634;24059,72265000001;24927,839820000023;24579,96100000001;27140,28137;24587,668505747133;24313,203056146755;27076,454115;24550,50997176359;24311,163329499977;24836,315639999986;23992,36960000002;23947,336439999985;23982,021800000002
31/10/2015;27534,825947954065;26590,373199999998;26485,546535999998;25956,415833333303;25727,873833333302;27135,15210666666;26744,28115000001;28814,612895000002;28571,9428;26525,875746666672;25931,646600000007;23978,5905589506;27876,779916;26273,957486842104;26607,149464000002;26628,114260000002;25388,238899999997;26228,303207201476;27359,86;26220,468961032864;25294,14926070039;24683,653680000003;24714,601853333326;24901,50718799999;24732,593408000015;24955,10269000003;24731,85153421323;24459,559472600013;25100,990560000006;24714,417999999947;26594,598110000003;24748,300000000017;24561,485340272222;27098,630925;24548,647377943416;24749,660000000003;24955,857249999943;24085,995137900012;24288,430129500004;24363,585151000007
30/11/2015;27035,767052259267;27680,0998;27876,343657999994;26051,861666666664;26432,382066666658;27150,244003333326;27705,088799999998;30361,704659999996;30221,4385;26705,851440000013;26929,461899999995;24280,430199634327;29096,453428;27742,286533497878;26994,23727866664;27149,811759999997;25460,86361999999;26671,244391967775;27337,140000000014;26665,685857311182;25309,352896785105;25053,628073333348;24888,851853333355;24878,661375999975;25187,03237400003;24700,044019999972;24632,48941635838;24747,794977399986;24793,443179999973;24848,87499999997;27089,5514;24909,680000000022;24917,84936932;27195,947675;24891,499489254493;24987,153329499997;25067,69332999998;24179,620662100002;24693,01592549999;24633,551808999997
31/12/2015;27578,124216685585;29051,406100000004;29267,14078;26435,14750000002;26359,82150000002;27169,575370000006;26487,986000000004;28349,91406;28278,9376;26706,140106666673;26368,885300000024;24583,184632332595;30316,12694;29212,552979810265;27381,32509333332;26081,712939999998;25533,48833999999;26120,942162122956;27310,959999999992;26112,54253455845;24791,38742268041;25434,83680666666;25063,101853333326;24878,661375999975;25303,273940000014;24779,78197499999;24532,655884283915;25036,030495;24874,695749999984;25328,74000000002;27243,50909;25069,546363636357;25270,993441595972;26850,7804;24892,88130931533;25374,4066705;25533,499110000004;24707,734400000016;25622,539482000007;24736,123460000003
31/01/2016;27670,080925099723;26936,9906;27650,413379999998;26506,076666666675;26366,493066666677;27701,816290000002;26147,274550000002;26739,778405;26970,942550000003;26706,230594929584;25801,44550000003;24884,855080439993;30085,59454;27337,231892351276;27895,270460000014;27031,12469000001;25633,318139999996;26201,47393428246;27279,589999999997;26193,498112816218;23319,447225181597;26108,138379999997;25410,71763333332;25285,975409999985;25359,793340000004;25018,509995;24739,083073967602;25257,0898724;25178,807439999975;25466,415000000008;28163,61937;25429,572888888884;25633,731219707595;27827,5447275;24894,17317515178;25661,820000000007;25676,18922500001;25217,33486209999;25107,662565000006;25332,065789
29/02/2016;27760,810524697372;26163,0083;26969,9819;26620,80583333336;26287,599833333355;28234,05721;25593,732300000003;25906,7704575;25662,947500000002;27333,658801978017;25642,719650000014;24884,92097161086;30072,80769;26508,050346135722;28194,370493333336;27131,829360000003;25733,147939999995;25933,052570249012;27719,15999999999;25923,657509414043;23204,29047761194;26512,57462;25805,400966666668;25285,975409999985;26608,812450000027;25231,133015;24944,431312452827;25839,197320100007;25438,484850000008;25604,090000000026;28642,59885;25795,320224719122;26106,129696523058;28518,253255;26085,80547154948;26172,1233295;25818,879340000014;25726,93533790001;25630,131200999997;25713,399131000013
31/03/2016;27135,953280254827;25389,026;26280,81646;27080,172500000015;27022,55370000002;28600,958800000008;25868,658200000005;26405,066057499997;26144,0809;27333,815574520544;25957,189450000034;24884,979870337083;30060,020839999997;25676,32717105263;28493,470526666686;27369,49274;25832,977739999995;26241,758153869276;28144,889999999985;26233,955525082012;25015,935284768206;26478,8716;26200,084299999988;25285,975409999985;26667,21583;25205,547909999994;25149,455399230792;26421,304755000005;25420,448009999993;26155,330000000016;29121,57833;26155,324301075278;26590,564699038878;28696,560935;26089,283274257556;26582,586670499993;26360,979300000006;26104,854399999997;26724,20749500001;25884,415640000007
30/04/2016;27969,478638510853;26139,7298;26345,926776000004;27205,155833333352;27465,401300000012;28909,980556666662;25240,4056;26274,96201;26382,08665;27334,372047605633;24954,44279999999;24885,980428544746;29656,686936;25863,540177897576;28590,720444000006;25718,554644999982;25872,617759999986;24939,823742370674;28575,809999999998;24925,312435955944;25093,24016806723;27006,885580000002;26497,45206999997;26693,377697999967;26540,23557800002;25635,500774166663;25296,03250547324;26879,714347400004;25906,76993666665;26228,350999999995;28814,26416;26332,637021276576;27078,853504043116;29124,6828125;26088,036416106042;26993,04999999999;26434,27364999999;26607,498262099994;26933,527692000003;26458,501218999998
31/05/2016;28805,703599851808;26499,0625;26477,602553;27257,705833333355;27166,735300000015;29219,00231333333;25610,820600000006;26596,9246725;26620,0924;26957,55671000002;25252,297449999984;25037,911033286495;28506,559948000002;26216,70609473684;28047,151742000016;26447,29669999999;25912,25778;25275,27022700326;28695,22;25262,591701670317;25543,1105;27669,332226666666;26690,685403333307;26756,203680999984;25599,816559000028;26044,56963833337;25443,869679800264;27390,357440100008;26207,275783333345;26301,372000000003;28897,43183;26507,940210526343;26842,04905773257;29262,94506;25371,369706891623;26718,87999999999;26507,568;27110,14213790001;26707,415561999995;26978,934561000016
30/06/2016;28587,108147798284;26828,1913;26614,373139999996;27455,73083333335;27439,928300000014;29320,290039999993;25446,44159999999;24923,5338725;25004,3362;26957,58122036868;26209,37944999998;25189,301139565236;27356,432960000002;26566,44902884615;27503,583040000012;28082,492329999994;25951,89779999999;26214,810130799364;28825,00999999998;26206,982701412548;25569,328281407037;27781,296213333328;26883,918736666674;26756,203680999984;25372,702770000033;26063,695065000007;25591,42758090148;27901,00052;26319,945810000034;26548,96299999999;29017,1767;26687,28430107527;26608,378952551473;29511,910658;25372,885326392163;26744,229999999996;26741,85837;27862,385200000004;26316,18402;27565,896680000005
31/07/2016;28585,95040950743;24771,110599999996;25332,39895;27518,821666666685;27449,71033333335;29331,62780833333;25779,759699999995;25731,939531999997;25648,191550000003;26957,5769414815;25969,9056;25338,95273063754;27602,28764;24999,28557613424;28042,49016;28376,896204999997;26127,271319999993;26308,764034045802;28946,149999999994;26301,416243352607;26632,761539748954;28033,689449999998;26907,769319999992;25753,79527999999;25511,17530000003;26402,246792499995;25939,664851538488;27747,612056000013;26480,738630000007;26683,474000000017;29769,56192;26923,302978723397;26374,849379790947;29798,0339345;25370,924660458986;26370,22;26857,13911000002;27518,953999999998;26218,512706499998;27228,699170000007
31/08/2016;28578,70945833872;26425,3718;25763,52029;27614,3125;27754,980366666656;29342,96557666667;26399,58080000001;26342,1426535;26292,046900000005;27326,338593457942;26952,719249999995;25644,590644444477;27248,63913;25586,450370603015;27845,71258666669;28657,954730000012;26302,64484;26872,51378988041;28911,949999999983;26868,052555020113;26593,803760683753;28420,51535333333;27166,452653333312;25906,285529999994;26088,816120000003;26736,882769999997;26286,381299320405;27555,035736499995;26949,541800000006;26817,984999999986;28583,85161;27162,04430107528;26312,631339598112;30118,790821;26077,11201251045;26316,169999999984;26972,419849999977;27175,522800000006;26143,70767650001;26975,199170000007
30/09/2016;28968,031627413216;26620,014000000003;26381,330025;28012,47083333334;27930,255500000014;29420,01513;26533,606199999995;26166,248853499997;26122,2112;27326,279359728505;27130,46304999999;25946,51154022717;28195,54195;26174,597857142857;28267,226583333322;28766,578569999998;26478,018359999995;27046,99978420735;28879,479999999996;27043,439068180567;26556,865292281003;28981,47352666667;27425,13598666666;25766,271754999994;26215,513775;27197,671159999998;26635,978606536315;27362,45941699999;27557,70702999999;27315,696999999986;29182,85971;27401,448085106415;26261,04082104424;30258,66678;26075,37341405198;26262,119999999995;27455,14275;26900,742400000017;26095,58993999999;26741,013980000003
31/10/2016;29193,436785803755;25864,1994;26455,899954999997;28137,782499999972;28087,647433333303;29729,38835166667;26390,295800000007;26526,818181;26553,182500000003;27326,231116822426;26463,779299999995;26247,307264490075;28434,82089;26232,690186528496;28727,216409999994;27465,664070000013;26532,895559999983;26536,963778526464;28831,439999999988;26530,773989417357;25958,690609137055;29323,362070000003;27580,62353333336;26591,370279999974;26244,715465000016;27516,022095833352;26892,708924193546;27299,95528000001;27868,045573333337;27494,709999999963;30780,37447;27348,82122448983;26200,8208094047;30168,18114;26070,10893409868;26257,990000000005;27645,259254999954;26789,992400000017;26507,729418000003;26671,329620000004
30/11/2016;29424,195847000057;26197,2594;26779,886085;28295,26083333335;28131,538566666684;30038,761573333322;26850,397200000007;26159,40177;26523,589300000003;27910,2677032653;27023,608100000012;26095,989858027664;28880,28083;26589,601012070005;28994,66223666664;27034,431930000006;26587,772760000007;26979,926474150998;29156,53;26976,005634426227;26990,36206936416;29261,952613333335;27527,640199999936;26591,370279999974;27351,86095500001;27843,509781666653;27153,092307972867;27004,36239000001;28021,854266666633;27673,723000000027;31396,20523;27302,162916666653;26399,50644772229;30586,10038;27186,163756226917;26494,976670500007;27835,375760000024;26673,10160000001;26448,940008000005;26601,645260000005
31/12/2016;29414,707447316083;27537,6038;27012,89764;28931,094166666662;29097,938299999994;30367,212410000007;26888,458;26994,27562;27251,508850000002;27910,184886534655;26612,190200000012;25946,950841011778;28077,48152;26993,47758381503;28743,81631333336;26893,508910000004;26642,649959999995;26657,79840612231;29472,969999999987;26652,205291376915;27557,6394347275;29251,097686666675;27474,656866666686;26687,577764999995;27190,309670000017;28102,14552999998;27413,16394957446;26764,824949999995;28245,343989999965;28426,76199999996;30178,481200000002;27252,223917525786;26593,255790977186;30696,019175;27187,031427843787;26731,963329499995;28599,282959999982;26543,898799999995;26612,325590999986;26562,006160000004
31/01/2017;28474,417798825252;27833,0945;27615,316512499998;29054,930000000037;29153,354266666705;30578,774306666674;27139,349600000016;27881,424285;27979,4284;27910,171750526308;26776,50265000001;25794,898592023826;29608,596575;27485,62354205607;29861,628224999993;25873,39043;26979,677699999993;26684,6423384214;29796,329999999987;26679,181921229057;28128,008574898784;29217,774080000003;27858,607756666664;27701,658277499955;27398,25396250002;28140,216130000015;27768,254885918403;26885,89754260001;28278,49622000003;28685,753000000055;31188,52127;28053,822916666657;26798,662339064365;31010,6037;27188,628927423008;26968,949999999997;28769,95622000005;26701,93933790001;26815,41346499999;26773,47283100002
28/02/2017;27737,309488791874;28298,723299999998;28206,090104999996;29204,349166666652;29302,831033333307;30781,857263333324;27432,783800000005;28630,214885;28702,429300000003;28558,87050181818;26762,83004999999;27005,93368876972;31139,711629999998;27990,212755102035;30590,308803333362;26297,34156999999;27063,190290000006;26671,315048543416;29989,710000000006;26665,69028801631;29331,469886792445;30371,875793333333;29169,314731666644;27701,658277499955;28809,512865000026;28261,822729999985;28125,280966107908;27006,970122400002;28307,60897;28884,977999999945;31992,522539999998;28852,783917525783;27646,605821136574;32169,0621;28421,77301517132;27833,069999999992;28945,48299999995;26841,4358621;27248,270999999993;26916,26460899999
31/03/2017;27384,666484934984;28417,8344;28705,816484999996;29785,965833333335;30013,27010000001;31006,13756999999;28404,165299999993;30514,017809999998;30176,5609;28558,988986666664;27172,11869999999;27307,919619747096;31105,65543;28632,147431438127;30575,698036666654;26431,87642999999;27146,70287999999;27073,9737881686;30186,54999999999;27070,419908818003;29317,510153846153;30775,553206666664;30041,41473166668;27843,474209999957;28720,965805000043;28502,85970500001;28480,93926303371;27375,196289999993;28691,186090000003;29602,839999999997;32539,28132;29653,057083333348;28500,051014901328;32632,38027;28418,399567759538;28647,26999999999;29640,55965000001;26863,70240000001;28631,616869999998;27153,484360000002
30/04/2017;27039,174225578867;29924,0851;30074,247587500002;29958,81250000003;29939,246233333353;31168,874543333324;28509,41780000001;30501,38062;30524,077750000004;28558,881990329668;26966,117;27610,544678344195;31656,429055;30176,232255186722;31062,332794999995;26487,43565249999;27393,591900000007;26738,42255335176;30383,39;26733,147524422442;29621,73860082304;31179,230620000002;30010,923569999984;29159,78383249999;28722,614287500037;28532,877086666645;28622,655968934705;28183,59405;28461,555446666665;29830,078000000038;32639,949425;29884,450105263182;29361,269628074384;32718,430775;28421,444533317816;29461,469999999987;29845,01230000003;27748,01800000001;29211,057322499997;28096,418305
31/05/2017;27678,30829119772;30539,372499999998;30657,072;30131,575833333365;30176,521566666706;31263,77999666668;28732,644100000005;30701,1477425;30612,816700000003;29414,10898454547;26912,810349999985;27913,30237109871;31820,57843;30836,578655660374;31221,88488666668;26899,328039999993;27448,790189999992;26885,987152388087;30520,749999999985;26881,54850547266;30015,292996845426;31403,158593333326;30594,734681666654;29159,78383249999;30327,874450000032;28865,05984333335;28763,996658070217;29066,647477499995;28736,859803333355;30042,374500000034;32819,56673;30119,90510638297;29668,529868118698;32898,68383;30049,688848135876;29755,869999999995;30058,168400000053;28681,17120000001;29472,244747499994;29010,380034999995
30/06/2017;27282,361775204463;31300,873;30977,374381999998;30808,969166666662;30871,54049999999;31384,122270000007;28792,0512;29779,3713475;29696,484400000005;29414,11926916409;27713,721449999983;27990,438439502235;32468,729032;31118,362755520502;31653,75356133336;27382,495380000008;27503,988479999993;27718,150996341457;30633,89;27718,008365409885;30181,252607966453;31492,843606666676;30846,90134833331;29106,467696000007;30417,740296000033;28880,066850000003;28905,004354495934;29968,55592;28781,91380000001;30860,226999999984;32662,373789999998;30345,991515151516;29980,36526813252;33038,365365;30050,382758801337;30100,189999999988;30865,14359999998;29774,973200000008;30110,077965000004;29979,06706
31/07/2017;27195,671844930563;29805,2677;30171,4680655;30975,761666666673;30977,031799999997;31621,935094166678;28791,720900000015;29643,193264999998;29757,296800000004;29414,000780000017;27655,046100000007;28064,47877543729;32474,660363;30165,931723404254;32347,985026999988;27530,777990000002;27723,351329999998;27838,948841419333;30766,059999999998;27839,435306976753;30846,544835164837;31641,508905000002;30486,663308333314;30900,80742549998;30467,147671500046;29463,268981666653;29530,621651083813;30154,058915;29473,987726666644;31037,097499999974;33507,313855;30277,97999999998;30293,749570747226;33111,93734;30048,713162174245;30694,11;31046,980424999987;30146,14480000001;30154,348964999997;30238,90000000001
31/08/2017;27170,95993457857;29658,3391;30075,343759000003;31127,30416666667;31230,18070000001;31853,38871333332;28810,15490000001;29549,722345;29530,5511;30318,401726666663;27900,088400000008;27988,801132444656;32815,921794;30008,62422125436;32621,535826000007;27988,52475000001;27777,819869999992;27906,08575644475;31001,12000000001;27906,887885275297;30862,245922330098;31638,890026666682;30695,730556666676;30900,80742550001;32221,546677000006;30068,66036333333;30156,28870126352;30437,404150000002;30133,745813333342;31213,967999999993;33618,50552;30208,040000000037;30794,880079748837;33545,57969;31772,58010453626;30975,513329499983;31229,809500000003;30503,081600000005;30315,33004799999;30580,28435999999
30/09/2017;26595,6012293798;29831,8616;30037,84782;31784,28416666668;31756,005500000014;32132,53637;29449,497749999995;31101,947220000002;30748,506400000006;30318,370280338975;27875,439699999988;27913,52618644861;32782,743;29959,932204057277;32763,9893;27778,539977499997;27832,28841;27932,929349585174;31237,90999999999;27933,863930041145;31541,796245810052;31762,657473333325;30619,513890000002;30933,107633000007;32227,858009999996;30509,590245;30781,254230996972;30922,039410000012;30608,69769;31997,363500000007;33542,451629999996;30138,76291666666;31305,122510246685;33405,121605;31772,580840957875;31406,67667049999;32012,146949999995;30681,63500000001;31277,653002749998;30907,719135000007
31/10/2017;26432,93068307034;30907,6407;31040,9869;31949,37916666665;32074,333966666658;32213,07303666667;29680,512700000007;31631,7961775;31583,2135;30318,404738571422;27644,44510000001;27837,610840969275;32061,76854;31285,885544930872;32748,11086;27293,762229999993;28273,67039999998;27449,736947440833;31472,969999999987;27448,184961545718;32331,220172043017;31695,441139999995;30597,53096500004;32934,43882999997;32007,432350000017;30642,941186666634;30977,12265452667;31382,85040489999;30796,042466666637;32323,727999999974;33891,505320000004;30732,85608247423;31809,457506726452;33674,03844;31773,456016820564;31787,92;32233,38229999997;31109,466262099988;31567,600760250003;31457,990734000006
30/11/2017;27054,706631485602;32074,8986;31907,4905;32134,190833333298;32282,7328333333;32302,08864333332;29755,485100000005;30898,046922499998;30737,5309;30903,599317104075;28299,797099999996;29427,03751898538;31481,18362;32404,80538043478;32483,765813333317;28168,257719999994;28406,71841999999;28161,10446168689;31564,39;28163,220280074922;33360,82957601713;33129,452820000006;31778,396736666647;32903,940779999946;32946,4356;31036,689503333386;31173,00129399565;31942,013247600014;31111,640733333363;32575,38499999995;33861,69419;31326,9493877551;32329,971232439973;33712,308905;32885,354967365885;32232,5;32461,971639999945;31781,762937900014;32290,986009;31974,997951000012
31/12/2017;26752,580487309737;31159,247099999997;31174,365844999997;32843,692500000034;33039,52410000001;32385,804912499996;29608,543999999994;30684,391265;30549,362050000003;30903,63693454546;27763,52859999999;29881,103002328346;30813,88489;31640,492843360993;32452,347176666633;27659,4237725;28539,766439999992;27932,93004658175;31655,809999999983;27933,868621962203;33732,52178723404;33541,176575;32425,813403333334;32853,75762499997;32872,48938500002;31130,88294499999;31368,324679354846;32488,181404999996;31204,05773;33456,67000000001;34312,95311;31921,042828282836;32848,06281387007;33585,73948875;32886,12346172292;32876,759999999995;33310,31892750002;32357,030400000018;32914,786899;32541,365225
31/01/2018;26847,288403096078;31143,795300000005;31100,388300000006;32935,984999999986;32921,668066666665;32452,447053333322;29998,319499999998;31062,87816625;31057,527700000002;30903,583304561413;28019,140850000025;30335,24074990244;30372,22741;31624,407741823212;32840,68054;27240,959310000006;28645,40504999998;28067,1496363389;31747,229999999996;28068,78526669697;35863,58316618076;33969,75184;32871,60113500003;34066,875764999975;32795,717200000014;32321,217316666647;32570,117610297253;32946,98170375;32261,887866666657;33435,37699999998;34518,23003;32286,59640000001;33372,27568050864;33366,07459;32886,138684336445;33521,020000000004;33330,50146999999;32861,033200000005;33561,199683;33119,680035
28/02/2018;26886,110693542298;31756,470400000002;31789,5674;32951,44416666668;33294,73683333336;32492,592506666682;29611,66010000001;29531,88071875;29672,744800000004;30928,24100986548;28240,754549999983;29729,637470719535;31331,5645;32279,007406256766;33226,21793333333;27496,614539999995;28646,22237000001;28161,035127014242;31810,319999999992;28163,2263294445;34303,80804238921;33387,08381333334;33451,31928666661;33932,407089999964;32983,50100000002;32619,666013333364;32868,38149378792;33338,770260000005;32600,732478333346;33443,967000000004;34448,20719;32651,51999999999;33378,186755303264;33376,629475;32932,34339168537;33479,149999999994;33345,984999999986;33572,827600000004;33142,340058;33615,37037999999
31/03/2018;26515,42844557976;30673,5978;30885,62001;32964,47583333333;32558,450100000002;32554,995177499994;29775,918925000005;29626,311365;29556,160600000003;30928,50260408163;28294,992499999993;29577,64187213959;30374,08808;31334,38553613281;33009,31738666668;28418,90726250001;28647,039689999998;28550,273126907414;31875,14;28554,469082318014;33267,08793258427;33266,694071666665;33849,68595333336;34072,69811999996;32895,89593;32791,34230374999;33166,45775930284;33879,487955000004;32761,83997;33449,644;34726,32961;33017,080000000016;33383,03017906884;33560,510236250004;32934,151725863514;33287,51999999999;33356,34422999999;34182,137900000016;33036,16874625;34214,073045
30/04/2018;25892,24970153907;30830,496249999997;30736,589494999997;33042,50083333335;32772,87603333336;32522,268796666685;30325,403600000005;30707,47938375;30465,907600000002;30928,380645614045;28401,244399999996;29426,905200187008;30254,55859;31178,65707575039;32981,93791000001;28124,958450000006;29085,385919999986;28429,475126800622;31939,959999999992;28433,04459538919;33369,71890721649;33196,85885999999;33349,69980499998;34083,38590250001;32881,29508500002;33446,53063333334;34046,45214838194;33974,95170625001;33360,822523333365;33598,936000000016;34484,5130825;33252,899999999994;33395,27378880759;33580,81601;32933,69562155483;33295,56999999999;33477,566440000024;34019,51000000001;33189,83701875;34216,734775000004
31/05/2018;25839,36395323704;32137,1353;31911,48219;33150,3091666667;33111,48756666671;32427,01023333332;29965,071200000006;29503,16610125;29410,064500000004;31382,102174468077;28545,79939999999;29729,911740850388;30574,455159999998;32505,02100158772;33071,84310666668;28426,660610000006;29203,66379999998;28389,269163379417;31876,869999999995;28392,57289699951;34182,19514832535;33364,61513333333;34160,43391333337;34073,12746749999;33734,93857000003;33613,61764666665;34243,67212759543;33993,72141;33586,55184166666;33733,286500000046;34498,84374;33489,35009900993;33855,35686357798;33803,876449999996;33797,697568534524;33782,48999999999;33608,002400000056;34121,89600000001;33454,22751;34231,2
30/06/2018;26189,414569003457;31739,9718;31188,389354999996;33608,93500000003;33714,22860000003;32370,966767499995;30578,23610000001;29816,323220000002;29606,688550000003;31381,95993333333;29256,8603;29806,39445108855;29583,64631;31790,873483859887;32859,30982333337;29396,2860525;29321,941679999996;29436,184850358928;31820,699999999997;29444,891935448046;34367,52735149864;33434,64005166667;34417,41724666662;34148,12494499999;33617,66081500001;33912,04544125;34440,297796167666;34088,29337;33960,73204999999;34288,61800000002;34463,28271;33728,28352941177;34315,36881516587;33854,959395;33798,02290654284;34119,649999999994;34162,06016250001;34138,4856;34082,906130749994;34241,373045
31/07/2018;26237,238145221396;31427,671000000006;31109,748780000005;33614,86833333335;33600,27966666667;32493,070763333322;31053,19720000001;30503,246702499997;30376,2337;31382,13125384615;29715,755349999992;29881,5761047478;29427,95093;31736,79841306808;33120,11312000001;29417,174100000004;29632,81517999999;29664,358540526067;31738,58;29674,246385641483;34367,52735149864;33434,64005166667;34417,41724666662;34148,12494499999;33617,66081500001;33912,04544125;34440,297796167666;34088,29337;33960,73204999999;34288,61800000002;34463,28271;33728,28352941177;34315,36881516587;33854,959395;33798,02290654284;34119,649999999994;34162,06016250001;34138,4856;34082,906130749994;34241,373045
31/07/2019;28369,92479475322;31575,753650000002;31441,450679999998;35766,364166666695;36232,41683333338;34618,20090333333;32031,8358;30148,320668250002;29899,490500000004;33789,793731111116;31490,45305000001;32832,87463864979;29428,46815;32099,238493850673;34794,821200000006;33219,134340000004;31759,277489999993;31234,72120856456;34269,28;31252,721733447106;37538,0236;35525,44419333333;36543,69850166669;39202,33843249999;38149,360525000026;40792,690116249985;40925,11174666666;37365,83466000001;40139,093460000004;36980,2855;43788,3052925;41716,57999999999;-36998,97720000001;35439,49823425;-92396,19279999998;36328,33;36678,45431249999;36954,720700000005;36194,3276415;37208,39253
31/08/2019;29011,122941361857;32441,2402;31842,7843;35821,81999999998;35852,76226666666;34889,05416666667;32170,103174999997;30211,786224749998;29945,05915;33931,17628140845;31480,10554999998;32833,69893855352;29902,95052;32496,668094339617;35007,478246666695;33859,081940000004;31833,88712999999;31368,940387377777;34485,29999999999;31387,63230106223;38086,22928;35682,34554;36325,60797833331;40673,48411999998;38114,97789000001;41897,959059999965;41977,05033;37877,10630474999;41075,517709999986;37046,83250000002;44016,811480000004;41985,159999999974;-36536,7616;35683,538067;-97107,12399999998;36742,79999999999;36746,369200000016;37337,496000000014;36634,41252449999;37599,03163000001
30/09/2019;29438,100033085186;32363,812799999996;31891,176564999994;36022,86333333334;35787,29040000003;35327,36649500001;32763,472100000014;31068,905073249996;30733,628500000003;33932,32553384616;31780,350550000003;32833,45185455488;29505,59288;32616,79391911764;34855,50180333332;33852,448560000004;31908,496769999998;31717,912191259296;34696,130000000005;31738,400158303906;37320,713279999996;35895,798;37060,53440666667;40635,22292999999;38445,74984999999;42398,36930000002;42325,780465217395;38399,639999000006;41498,0699;37113,37949999998;43666,77388;42253,74000000002;-36529,81080000001;36008,49106125;-100938,05635;37202,59;36820,34389999998;37756,196500000005;37082,055070500006;37948,895019999996
31/10/2019;29926,651428021614;33346,06305;32603,96895;36070,86499999999;36085,754733333335;35637,92147333332;32734,76280000001;31142,75690575;31017,853300000002;33932,24128476191;31627,56925;32834,350090772125;29747,99184;33427,11979313543;35002,92186000002;33226,126099999994;32377,58007000001;31436,049996724207;34919,06999999999;31455,09966801328;38034,32815999999;36553,006890000004;37353,217739999964;40678,61333749999;38370,861645;42866,18092125002;42623,53742285361;38950,150458749995;41978,18467999998;37354,63149999999;43507,6430575;42331,40000000002;-35986,640000000014;35945,429368;-101537,50695000001;37562,53999999999;37069,00375499998;38085,3196;37721,3728575;38129,217300000004
30/11/2019;30496,9499461941;33357,184;32931,917949999995;36069,23333333331;36114,47826666664;35887,00413666667;33547,555750000014;31678,822748;31707,0334;33482,33473;32206,33520000003;33287,802671608966;30245,69988;33739,663499999995;35191,86008666668;33693,23580750001;32465,82144;32093,683054552937;35007,20999999999;32116,193986301398;38898,12904;37154,04408000001;37111,321549999935;40971,25461999999;38365,6807;45144,46010833327;44799,90265085155;39342,917216;44095,904913333274;37382,556500000006;42996,98659;42799,33999999997;-35693,70520000001;35573,50033;-91807,74055;38022,32999999999;37073,67681999999;38474,556400000016;38285,361485999994;38390,18318000001
31/12/2019;30465,084014376964;34495,75270000001;33761,758751;36082,47916666666;36250,41209999999;35907,155419999996;33523,72820000001;32248,823284500002;32162,069500000005;33481,71685719298;31787,34229999999;33515,601689215655;30829,534906;34607,08815946084;35355,67640733332;32806,62026000001;32554,06280999999;31610,491053768434;35100,54000000001;31630,491979005543;40366,891359999994;37995,48134;38210,80012833336;40923,56675999999;37595,54640000002;45862,46630791671;45362,52958352238;39612,69322;44818,12412166671;37395,53999999995;42795,772110000005;43012,72000000003;-35505,0644;35374,276158;-94994,99835000001;38045,32999999999;37077,703504999954;38789,59060000001;38172,901335;39006,32695500001
31/01/2020;29912,823933964737;34314,745800000004;34380,773436;35821,12500000003;35434,98233333338;33511,85805666668;33010,5692;31296,4652135;31314,5983;33481,55416181819;31676,643299999996;33740,48823632387;31747,552636;35194,19034782609;35728,467544;33545,77609;32077,565249999985;31543,381052984303;35211,169999999984;31563,03928698477;41641,9744;38028,61524;38651,38346166667;40878,263292999996;37665,913053;46381,095570000005;45929,875781428564;39950,80591349999;45188,90857;37426,376499999984;42102,96797;43162,46000000002;-35495,1636;34989,276172;-82807,77315000001;38168,17;37091,004479999974;39143,54440000001;38207,41849499999;39359,574705000006
